<?xml version="1.0" encoding="UTF-8" standalone="no" ?>
<?xml-stylesheet href="rptstyle.xsl" type="text/xsl" ?>
<doc>
<title>Global Net Report</title>
<text>Microsemi Corporation - Microsemi Libero Software Release v12.1 (Version 12.600.0.14)</text>
<text>Date: Tue Apr 21 16:56:54 2020
</text>
<section>
<name>Global Nets Information</name>
<table>
<header>
 <cell/>
 <cell> From </cell>
 <cell> GB Location </cell>
 <cell> Net Name </cell>
 <cell> Fanout </cell>
</header>
<row>
 <cell>1</cell>
 <cell>GB[2] </cell>
 <cell>(220, 54)</cell>
 <cell>FFT_Accel_system_sb_0/CCC_0/GL0_INST/U0_YNn</cell>
 <cell>806</cell>
</row>
<row>
 <cell>2</cell>
 <cell>GB[1] </cell>
 <cell>(219, 54)</cell>
 <cell>FFT_Accel_system_sb_0/CORERESETP_0/MSS_HPMS_READY_int_RNIDMB8/U0_YNn</cell>
 <cell>739</cell>
</row>
<row>
 <cell>3</cell>
 <cell>GB[3] </cell>
 <cell>(221, 54)</cell>
 <cell>FFT_Accel_system_sb_0/CCC_0/GL1_INST/U0_YNn</cell>
 <cell>2</cell>
</row>
</table>
<text></text>
</section>
<section>
<name>I/O to GB Connections</name>
<text>(none)</text>
</section>
<section>
<name>Fabric to GB Connections</name>
<table>
<header>
 <cell/>
 <cell> From </cell>
 <cell> From Location </cell>
 <cell> To </cell>
 <cell> Net Name </cell>
 <cell> Net Type </cell>
 <cell> Fanout </cell>
</header>
<row>
 <cell>1</cell>
 <cell>FFT_Accel_system_sb_0/CORERESETP_0/MSS_HPMS_READY_int:Q</cell>
 <cell>(313, 52)</cell>
 <cell>GB[1] </cell>
 <cell>FFT_Accel_system_sb_0/CORERESETP_0/MSS_HPMS_READY_int_Z</cell>
 <cell>ROUTED</cell>
 <cell>3</cell>
</row>
</table>
<text></text>
</section>
<section>
<name>CCC to GB Connections</name>
<table>
<header>
 <cell/>
 <cell> From </cell>
 <cell> From Location </cell>
 <cell>Pin Swapped for Back Annotation Only</cell>
 <cell> To </cell>
 <cell> Net Name </cell>
 <cell> Net Type </cell>
 <cell> Fanout </cell>
</header>
<row>
 <cell>1</cell>
 <cell>FFT_Accel_system_sb_0/CCC_0/CCC_INST/INST_CCC_IP:GL0</cell>
 <cell>CCC-NE1 (390, 92)</cell>
 <cell>GL0 =&gt; GL2</cell>
 <cell>GB[2] </cell>
 <cell>FFT_Accel_system_sb_0/CCC_0/GL0_net</cell>
 <cell>HARDWIRED</cell>
 <cell>1</cell>
</row>
<row>
 <cell>2</cell>
 <cell>FFT_Accel_system_sb_0/CCC_0/CCC_INST/INST_CCC_IP:GL1</cell>
 <cell>CCC-NE1 (390, 92)</cell>
 <cell>GL1 =&gt; GL3</cell>
 <cell>GB[3] </cell>
 <cell>FFT_Accel_system_sb_0/CCC_0/GL1_net</cell>
 <cell>HARDWIRED</cell>
 <cell>1</cell>
</row>
</table>
<text></text>
</section>
<section>
<name>CCC Input Connections</name>
<table>
<header>
 <cell/>
 <cell> From </cell>
 <cell> From Location </cell>
 <cell> To (Pin Swapped for Back Annotation Only) </cell>
 <cell> CCC Location </cell>
 <cell> Net Name </cell>
 <cell> Net Type </cell>
 <cell> Fanout </cell>
</header>
<row>
 <cell>1</cell>
 <cell>FFT_Accel_system_sb_0/FABOSC_0/I_RCOSC_25_50MHZ:CLKOUT</cell>
 <cell>(396, 92)</cell>
 <cell>FFT_Accel_system_sb_0/CCC_0/CCC_INST/INST_CCC_IP:RCOSC_25_50MHZ</cell>
 <cell>CCC-NE1 (390, 92)</cell>
 <cell>FFT_Accel_system_sb_0/FABOSC_0_RCOSC_25_50MHZ_CCC_OUT_RCOSC_25_50MHZ_CCC</cell>
 <cell>HARDWIRED</cell>
 <cell>1</cell>
</row>
</table>
<text></text>
</section>
<section>
<name>Local Clock Nets to RGB Connections</name>
<text>(none)</text>
</section>
<section>
<name>Global Clock Nets to RGB Connections</name>
<table>
<header>
 <cell/>
 <cell> From </cell>
 <cell> From Location </cell>
 <cell> Net Name </cell>
 <cell> Fanout </cell>
 <cell> </cell>
 <cell> RGB Location </cell>
 <cell> Local Fanout </cell>
</header>
<row>
 <cell>1</cell>
 <cell>GB[2] </cell>
 <cell>(220, 54)</cell>
 <cell>FFT_Accel_system_sb_0/CCC_0/GL0_INST/U0_YNn</cell>
 <cell>806</cell>
 <cell>1</cell>
 <cell>(219, 12)</cell>
 <cell>18</cell>
</row>
<row>
 <cell> </cell>
 <cell></cell>
 <cell></cell>
 <cell></cell>
 <cell></cell>
 <cell>2</cell>
 <cell>(219, 15)</cell>
 <cell>21</cell>
</row>
<row>
 <cell> </cell>
 <cell></cell>
 <cell></cell>
 <cell></cell>
 <cell></cell>
 <cell>3</cell>
 <cell>(219, 18)</cell>
 <cell>16</cell>
</row>
<row>
 <cell> </cell>
 <cell></cell>
 <cell></cell>
 <cell></cell>
 <cell></cell>
 <cell>4</cell>
 <cell>(219, 21)</cell>
 <cell>2</cell>
</row>
<row>
 <cell> </cell>
 <cell></cell>
 <cell></cell>
 <cell></cell>
 <cell></cell>
 <cell>5</cell>
 <cell>(219, 24)</cell>
 <cell>94</cell>
</row>
<row>
 <cell> </cell>
 <cell></cell>
 <cell></cell>
 <cell></cell>
 <cell></cell>
 <cell>6</cell>
 <cell>(219, 27)</cell>
 <cell>83</cell>
</row>
<row>
 <cell> </cell>
 <cell></cell>
 <cell></cell>
 <cell></cell>
 <cell></cell>
 <cell>7</cell>
 <cell>(219, 30)</cell>
 <cell>89</cell>
</row>
<row>
 <cell> </cell>
 <cell></cell>
 <cell></cell>
 <cell></cell>
 <cell></cell>
 <cell>8</cell>
 <cell>(219, 33)</cell>
 <cell>61</cell>
</row>
<row>
 <cell> </cell>
 <cell></cell>
 <cell></cell>
 <cell></cell>
 <cell></cell>
 <cell>9</cell>
 <cell>(219, 36)</cell>
 <cell>44</cell>
</row>
<row>
 <cell> </cell>
 <cell></cell>
 <cell></cell>
 <cell></cell>
 <cell></cell>
 <cell>10</cell>
 <cell>(219, 39)</cell>
 <cell>92</cell>
</row>
<row>
 <cell> </cell>
 <cell></cell>
 <cell></cell>
 <cell></cell>
 <cell></cell>
 <cell>11</cell>
 <cell>(219, 42)</cell>
 <cell>75</cell>
</row>
<row>
 <cell> </cell>
 <cell></cell>
 <cell></cell>
 <cell></cell>
 <cell></cell>
 <cell>12</cell>
 <cell>(219, 45)</cell>
 <cell>18</cell>
</row>
<row>
 <cell> </cell>
 <cell></cell>
 <cell></cell>
 <cell></cell>
 <cell></cell>
 <cell>13</cell>
 <cell>(219, 48)</cell>
 <cell>63</cell>
</row>
<row>
 <cell> </cell>
 <cell></cell>
 <cell></cell>
 <cell></cell>
 <cell></cell>
 <cell>14</cell>
 <cell>(219, 51)</cell>
 <cell>70</cell>
</row>
<row>
 <cell> </cell>
 <cell></cell>
 <cell></cell>
 <cell></cell>
 <cell></cell>
 <cell>15</cell>
 <cell>(219, 57)</cell>
 <cell>43</cell>
</row>
<row>
 <cell> </cell>
 <cell></cell>
 <cell></cell>
 <cell></cell>
 <cell></cell>
 <cell>16</cell>
 <cell>(219, 60)</cell>
 <cell>6</cell>
</row>
<row>
 <cell> </cell>
 <cell></cell>
 <cell></cell>
 <cell></cell>
 <cell></cell>
 <cell>17</cell>
 <cell>(219, 63)</cell>
 <cell>10</cell>
</row>
<row>
 <cell> </cell>
 <cell></cell>
 <cell></cell>
 <cell></cell>
 <cell></cell>
 <cell>18</cell>
 <cell>(219, 102)</cell>
 <cell>1</cell>
</row>
<row>
 <cell>2</cell>
 <cell>GB[1] </cell>
 <cell>(219, 54)</cell>
 <cell>FFT_Accel_system_sb_0/CORERESETP_0/MSS_HPMS_READY_int_RNIDMB8/U0_YNn</cell>
 <cell>739</cell>
 <cell>1</cell>
 <cell>(218, 12)</cell>
 <cell>18</cell>
</row>
<row>
 <cell> </cell>
 <cell></cell>
 <cell></cell>
 <cell></cell>
 <cell></cell>
 <cell>2</cell>
 <cell>(218, 15)</cell>
 <cell>21</cell>
</row>
<row>
 <cell> </cell>
 <cell></cell>
 <cell></cell>
 <cell></cell>
 <cell></cell>
 <cell>3</cell>
 <cell>(218, 18)</cell>
 <cell>7</cell>
</row>
<row>
 <cell> </cell>
 <cell></cell>
 <cell></cell>
 <cell></cell>
 <cell></cell>
 <cell>4</cell>
 <cell>(218, 21)</cell>
 <cell>2</cell>
</row>
<row>
 <cell> </cell>
 <cell></cell>
 <cell></cell>
 <cell></cell>
 <cell></cell>
 <cell>5</cell>
 <cell>(218, 24)</cell>
 <cell>93</cell>
</row>
<row>
 <cell> </cell>
 <cell></cell>
 <cell></cell>
 <cell></cell>
 <cell></cell>
 <cell>6</cell>
 <cell>(218, 27)</cell>
 <cell>73</cell>
</row>
<row>
 <cell> </cell>
 <cell></cell>
 <cell></cell>
 <cell></cell>
 <cell></cell>
 <cell>7</cell>
 <cell>(218, 30)</cell>
 <cell>65</cell>
</row>
<row>
 <cell> </cell>
 <cell></cell>
 <cell></cell>
 <cell></cell>
 <cell></cell>
 <cell>8</cell>
 <cell>(218, 33)</cell>
 <cell>50</cell>
</row>
<row>
 <cell> </cell>
 <cell></cell>
 <cell></cell>
 <cell></cell>
 <cell></cell>
 <cell>9</cell>
 <cell>(218, 36)</cell>
 <cell>44</cell>
</row>
<row>
 <cell> </cell>
 <cell></cell>
 <cell></cell>
 <cell></cell>
 <cell></cell>
 <cell>10</cell>
 <cell>(218, 39)</cell>
 <cell>92</cell>
</row>
<row>
 <cell> </cell>
 <cell></cell>
 <cell></cell>
 <cell></cell>
 <cell></cell>
 <cell>11</cell>
 <cell>(218, 42)</cell>
 <cell>75</cell>
</row>
<row>
 <cell> </cell>
 <cell></cell>
 <cell></cell>
 <cell></cell>
 <cell></cell>
 <cell>12</cell>
 <cell>(218, 45)</cell>
 <cell>14</cell>
</row>
<row>
 <cell> </cell>
 <cell></cell>
 <cell></cell>
 <cell></cell>
 <cell></cell>
 <cell>13</cell>
 <cell>(218, 48)</cell>
 <cell>63</cell>
</row>
<row>
 <cell> </cell>
 <cell></cell>
 <cell></cell>
 <cell></cell>
 <cell></cell>
 <cell>14</cell>
 <cell>(218, 51)</cell>
 <cell>65</cell>
</row>
<row>
 <cell> </cell>
 <cell></cell>
 <cell></cell>
 <cell></cell>
 <cell></cell>
 <cell>15</cell>
 <cell>(218, 57)</cell>
 <cell>40</cell>
</row>
<row>
 <cell> </cell>
 <cell></cell>
 <cell></cell>
 <cell></cell>
 <cell></cell>
 <cell>16</cell>
 <cell>(218, 60)</cell>
 <cell>6</cell>
</row>
<row>
 <cell> </cell>
 <cell></cell>
 <cell></cell>
 <cell></cell>
 <cell></cell>
 <cell>17</cell>
 <cell>(218, 63)</cell>
 <cell>10</cell>
</row>
<row>
 <cell> </cell>
 <cell></cell>
 <cell></cell>
 <cell></cell>
 <cell></cell>
 <cell>18</cell>
 <cell>(218, 102)</cell>
 <cell>1</cell>
</row>
<row>
 <cell>3</cell>
 <cell>GB[3] </cell>
 <cell>(221, 54)</cell>
 <cell>FFT_Accel_system_sb_0/CCC_0/GL1_INST/U0_YNn</cell>
 <cell>2</cell>
 <cell>1</cell>
 <cell>(218, 0)</cell>
 <cell>1</cell>
</row>
<row>
 <cell> </cell>
 <cell></cell>
 <cell></cell>
 <cell></cell>
 <cell></cell>
 <cell>2</cell>
 <cell>(218, 72)</cell>
 <cell>1</cell>
</row>
</table>
<text></text>
</section>
</doc>
