<?xml version="1.0" encoding="ISO-8859-1" ?>
<?xml-stylesheet type="text/xsl" href="drcss.xsl"?>
<drcreport>
  <header>FFT_Accel_system</header>
  <drc>
    <status>C:\Microsemi\Libero_SoC_v12.1\Designer/data/drcreport\error.png</status>
    <StatusMessage>Error</StatusMessage>
    <message>Undriven Pin</message>
    <detail>Unconnected input pin FFT_Accel_system_sb_0:MAC_GMII_RX_ER</detail>
    <crossprobe>liberoaction://cross_probe/smartdesign/FFT_Accel_system/pins/FFT_Accel_system_sb_0:MAC_GMII_RX_ER</crossprobe>
  </drc>
  <drc>
    <status>C:\Microsemi\Libero_SoC_v12.1\Designer/data/drcreport\warn.png</status>
    <StatusMessage>Warning</StatusMessage>
    <message>Floating Driver</message>
    <detail>Floating output pin MSS_to_IO_interpreter_0:MAC_GMII_RX_ER</detail>
    <crossprobe>liberoaction://cross_probe/smartdesign/FFT_Accel_system/pins/MSS_to_IO_interpreter_0:MAC_GMII_RX_ER</crossprobe>
  </drc>
</drcreport>
